0.8587193132936954,-7.409897484183312,-6.1511609387397765,-0.6435559449211758,0.5371875810715656,0.527490739745395,-0.13790854934321023
0.849138065725565,-7.4518155884742745,-6.185892814993859,-0.6483599573120595,0.6956481965298043,0.28720930349592755,0.11495115660366112
0.8587193132936954,-7.457803722023964,-6.177509661912919,-0.5579771366814859,0.7519932345211852,0.004753948161472256,0.35092034730402055
0.8742888405919076,-7.4625943458080295,-6.1511609387397765,-0.3857192319130532,0.697945759490036,-0.2783901039103699,0.5353422652724653
0.8922536797821522,-7.479361236691475,-6.129603424072266,-0.15685159165994453,0.5414259502100507,-0.5206810301712329,0.6412072858699512
0.9102185189723969,-7.541639345884324,-6.148765919208527,0.09503876160433868,0.305465779374684,-0.6865128092769404,0.6529612960370731
0.9174044546484947,-7.5548137074708945,-6.177509661912919,0.3330685144252423,0.02464747388892973,-0.7515780803775038,0.5688481834598078
0.8934513357281685,-7.515291207432747,-6.20625340461731,0.5259932803305226,-0.2662604116543481,-0.7037834428332846,0.39639037302452484
0.8850677441060544,-7.506907469630241,-6.217032161951066,0.6362966414824531,-0.5111857149622635,-0.5525275569352909,0.1689054400657032
0.8694982168078423,-7.515291207432747,-6.188288419246674,0.6532326768979584,-0.6810629788986116,-0.3201498009010275,-0.08333302820316477
0.8706958727538586,-7.47457061290741,-6.171520943641663,0.5743101756457407,-0.7509627835240971,-0.04080873671810231,-0.3233533159238837
0.8850677441060544,-7.435048112869263,-6.159544676542282,0.4111107525629754,-0.710658181885173,0.2444831989977958,-0.515927187745101
0.8886607119441032,-7.441036246418953,-6.155951562523843,0.1875461785805972,-0.5660552974955861,0.49391728608541585,-0.6328139897181604
0.8898583678901196,-7.433850603103638,-6.1403821814060215,-0.06967017846677298,-0.33211004958375984,0.6738719985704857,-0.6563120528685268
0.8886607119441032,-7.4470249646902085,-6.197869666814804,-0.3107646804842869,-0.054014699428574016,0.7498546486716507,-0.5815717767177626
0.8958466476202012,-7.4781637269258505,-6.224217805266381,-0.5062435907091782,0.2320241649184736,0.7157523690992336,-0.4214033221138597
0.8706958727538586,-7.497326222062111,-6.195474062561989,-0.6273584436487812,0.483997469629999,0.5765407150339507,-0.19942075238670173
0.8850677441060544,-7.521279340982438,-6.175114057660103,-0.6563795805674754,0.6649165750256272,0.3526541293042048,0.0518349260146851
0.903032583296299,-7.540441836118698,-6.159544676542282,-0.5890506003715292,0.7481914281771629,0.07698266330752682,0.2954702126344349
0.8994396154582501,-7.5392443263530735,-6.146370314955711,-0.43528378126552797,0.7216125746055724,-0.20997653957899237,0.49569463862819124
0.8838700881600381,-7.540441836118698,-6.145172805190087,-0.21190342474725965,0.5846691773890984,-0.4714667238339553,0.6252823521488627
0.8742888405919076,-7.522476850748062,-6.117626572251321,0.037904992859328746,0.36394745264807943,-0.6571280983955181,0.6590054062952735
0.8730911846458912,-7.467384969592095,-6.108045324683189,0.2821841589928583,0.08981443361966417,-0.7463233608383794,0.596076261055562
0.8802771203219891,-7.420676241517067,-6.137986577153206,0.4850464358019566,-0.19744897950550402,-0.7260311684476871,0.4456709526663587
0.8730911846458912,-7.449419984221459,-6.145172805190087,0.6167161530320511,-0.4557524073940216,-0.5992531840199207,0.2298837775613772
0.8599169692397118,-7.499721826314927,-6.103254700899124,0.657897768966806,-0.6472250805059421,-0.38455825960027257,-0.01962563950004025
0.8599169692397118,-7.528465569019318,-6.055348463058472,0.6025330585373333,-0.743770261619267,-0.11344666337240226,-0.26625094529432664
0.8706958727538586,-7.581162430644036,-6.062534691095353,0.4544291987311999,-0.7294786999931973,0.18102265476098653,-0.478106398263022
0.887463055998087,-7.624278044700623,-6.073313448429108,0.2421376289528046,-0.607267924075789,0.4421148655514425,-0.6141086896407065
0.9006372714042664,-7.57876682639122,-6.073313448429108,-0.005643738274372483,-0.3960215337519845,0.6382903872518457,-0.6600912623000738
0.8742888405919076,-7.520081831216813,-6.126010310053826,-0.25262865067736007,-0.12671385526697274,0.7408901944536421,-0.6092651996485285
0.8575216573476792,-7.473373103141785,-6.193079043030739,-0.4625735106444023,0.16114914840784153,0.7348500087268642,-0.469097179581873
0.8826724322140217,-7.481756840944291,-6.266135909557343,-0.604725837645778,0.42533710594602997,0.6210746764502612,-0.2601177692147754
0.8455450978875161,-7.499721826314927,-6.251764038205147,-0.6581485249032739,0.6272722461312017,0.4161757216580826,-0.012954424091255162
0.8215919789671898,-7.46858247935772,-6.181102191209793,-0.612920159753489,0.7384447987496412,0.14338634784013327,0.2418026307144484
0.8287779146432876,-7.402711256146431,-6.134394047856331,-0.4776767223891408,0.7375739262540825,-0.14459566861646622,0.454864534576023
0.8251849468052388,-7.418281221985818,-6.110440928936005,-0.2723977606285005,0.6285322998082027,-0.41137546912815975,0.6012626975806633
0.8168013551831246,-7.492535598278046,-6.128405329585076,-0.02722521462388098,0.42743348503664325,-0.6177948034631779,0.659461131812942
0.8419521300494671,-7.560801841020584,-6.167928414344788,0.22201751107491371,0.16368459117136647,-0.7337125518281863,0.6209520679399774
0.8227896349132061,-7.655416806936264,-6.146370314955711,0.43866017849871825,-0.12414373567535171,-0.7420958942426465,0.49138504702549474
0.8275802586972714,-7.67577681183815,-6.12121968626976,0.5937395628684343,-0.3995929317863996,-0.6379222205937266,0.28434848482789377
0.8587193132936954,-7.682963039875031,-6.106847814917565,0.6571568252626615,-0.6096558572689872,-0.44145452989463835,0.03978116066456588
0.8706958727538586,-7.618289326429368,-6.1020571911334995,0.6243265309277367,-0.7303051397057273,-0.18031403532366336,-0.2106125218604831
0.8611146251857281,-7.637451821565628,-6.134394047856331,0.5000132359559051,-0.7439904268373981,0.10717801829546739,-0.43009054981185874
0.918602110594511,-7.765601153969765,-6.195474062561989,0.30244984291563076,-0.6487399735973098,0.3789347591549944,-0.5865739403360998
0.9820778757333756,-7.8290767729282384,-6.263740890026093,0.06058038006614924,-0.458525596574783,0.5951033215460811,-0.6572186329689701
0.9964497470855713,-7.750031772851944,-6.330809623003006,-0.19030414703066395,-0.20120600057675778,0.7241036960949041,-0.6316441357730916
0.976089596003294,-7.588348073959351,-6.304460899829865,-0.41827061110788694,0.09246045204788349,0.7461106063136115,-0.5097251453841287
1.0287864576280117,-7.4506174939870835,-6.418238360881806,-0.5790935713315088,0.36587869859046873,0.6571177197139255,-0.3146104194050705
1.0814833192527296,-7.4015137463808065,-6.40745960354805,-0.6551083463198225,0.5856521848003038,0.4716823497605954,-0.07321430150634366
1.0419606730341913,-7.360793736577034,-6.145172805190087,-0.6351673760505421,0.7194062053672304,0.21686390579874995,0.1788495525348118
0.9269857022166252,-7.425466865301132,-5.781085397601128,-0.5223032214381336,0.7474828927430243,-0.06985663593570611,0.4044610245099208
0.92219507843256,-7.431454998850823,-5.554728569984436,-0.3331156949694277,0.6658142766371434,-0.34622204102356385,0.5708376136001114
1.0359723933041096,-7.395525612831116,-5.715214174389839,-0.09503482925639728,0.486693555874988,-0.5717093883441159,0.6536406804790872
1.0742973835766316,-7.384746855497361,-6.082894695997238,0.16316998018647513,0.22973433156276976,-0.7156565195385327,0.6390879755631039
1.0323794254660608,-7.366781870126725,-6.40027337551117,0.3913889202877611,-0.05568709931929963,-0.7504312941439392,0.5296853148944528
0.8898583678901196,-7.3404331469535835,-6.505667098760605,0.5620679181913967,-0.3330776347554968,-0.6751175429853171,0.3425715220492527
0.7437443424761295,-7.346421865224839,-6.505667098760605,0.6501733133044751,-0.5617130457838223,-0.5006676368927699,0.10528548917658032
0.6910474808514119,-7.3703749841451645,-6.445784593820572,0.6428660937733621,-0.7079313007666957,-0.2526695503911929,-0.1473586006192561
0.7473373103141785,-7.409897484183312,-6.379913370609284,0.5412629259068107,-0.7502041476209808,0.032405991181204366,-0.37838873353555325
0.7784763649106026,-7.3751656079292305,-6.260147776007653,0.3552186542659122,-0.6792482836132139,0.3190366673884813,-0.5573662007438814
0.7736857411265373,-7.3404331469535835,-6.118824082016945,0.12062635179608111,-0.5089321693227417,0.5519849019348286,-0.6494228193687176
0.7820693327486515,-7.288934379816055,-6.01103533923626,-0.13167181524225444,-0.26383298461488763,0.7039232803652049,-0.6461785393062037
0.772488085180521,-7.272166904211045,-6.0254072105884555,-0.36462155410164276,0.020025477047110732,0.7525749890451398,-0.547979003628101
0.7425466865301132,-7.267376280426979,-6.057744067311288,-0.543900249950453,0.30098307053139667,0.6908108573768036,-0.3692723502885809
0.7209888795018197,-7.338038127422333,-6.128405329585076,-0.6431390580242442,0.5378751106128198,0.5277128764058369,-0.13631448016411374
0.7712904292345047,-7.4518155884742745,-6.229008429050446,-0.6478104046140595,0.6958673054922925,0.2872219406247676,0.11667874546980474
0.8227896349132061,-7.476966217160225,-6.224217805266381,-0.5542493603265628,0.7515311431935394,-0.002349828429568791,0.35777516081214944
0.8742888405919076,-7.504512450098992,-6.109242834448815,-0.38050022227961094,0.6942837744342325,-0.2851606570465233,0.5402527381469875
0.937764605730772,-7.548825573921204,-6.081697186231613,-0.15101125245597827,0.5351816206417127,-0.5260313543523435,0.6434805737527947
0.9892638114094735,-7.560801841020584,-6.11523155272007,0.10075240139714009,0.2975101262261874,-0.6897522418197091,0.6523637967501517
0.9832755316793919,-7.585953054428101,-6.136789067387581,0.3377762771535153,0.016122741799627714,-0.7522344670842916,0.5655002655344965
0.9964497470855713,-7.608708078861237,-6.193079043030739,0.5252337577692919,-0.2675824823515253,-0.7042900487382666,0.39560667598815163
1.0263911457359791,-7.57876682639122,-6.300867785811424,0.635618208896139,-0.5120116464650273,-0.5529648057365623,0.16752161060759363
0.998845058977604,-7.588348073959351,-6.30925152361393,0.6519739032718597,-0.6840726734180248,-0.3140896857231361,-0.09122651071653334
0.9784849078953267,-7.605115549564362,-6.172719038128853,0.5710695362036805,-0.7506848542272663,-0.03383759022501025,-0.33046460013391116
0.9832755316793919,-7.5392443263530735,-6.069720334410667,0.4064115259268257,-0.7070596767868917,0.25134047701331125,-0.5212717618196543
1.0060309946537018,-7.467384969592095,-6.056545972824097,0.18209326256651714,-0.5596723553263447,0.49955022305998176,-0.6356559392093065
0.9820778757333756,-7.391932498812676,-6.092475943565369,-0.06904986558318221,-0.33011746681828114,0.6744695362065839,-0.6567689235139715
0.9233927343785763,-7.345223770737649,-6.127207819819451,-0.3100663651724258,-0.05207925545098675,0.7503916452195238,-0.5814283955270563
0.8683005608618259,-7.383548761010171,-6.177509661912919,-0.5054781380039812,0.2336268100675053,0.7161825218672541,-0.42070531371682246
0.8227896349132061,-7.442234340906143,-6.155951562523843,-0.6285850921456383,0.4902978178822616,0.5722457693445457,-0.19241520516690136
0.814406043291092,-7.444629360437394,-6.169125924110413,-0.6553345835548271,0.6685359989261994,0.3465155021115839,0.059356621645160756
0.8503357216715813,-7.442234340906143,-6.166730319857598,-0.5858481491280176,0.7486259892440694,0.06993396538326034,0.3024075311188324
0.8766841524839402,-7.46858247935772,-6.164335300326347,-0.4303336701687609,0.7188485797594093,-0.21689684498260764,0.5010243610180598
0.937764605730772,-7.506907469630241,-6.159544676542282,-0.21164412826702153,0.5835959323628781,-0.47181665964704733,0.6261082896585045
0.9736942841112615,-7.596731811761856,-6.209845933914185,0.03818833771714102,0.36272081198396755,-0.6575171254568668,0.6592772505911543
0.998845058977604,-7.585953054428101,-6.310449033379555,0.28808686613660395,0.0817479728271374,-0.7474002961745776,0.593056509766479
0.925788046270609,-7.520081831216813,-6.300867785811424,0.4894631430301525,-0.20520922228389787,-0.7242936977457493,0.4401291243606491
0.8263826027512551,-7.476966217160225,-6.147567824721337,0.6189561990620827,-0.4620819619407185,-0.5947664888032762,0.22276962963621905
0.8383591622114182,-7.46858247935772,-6.080499091744423,0.6576259677670167,-0.651081973871435,-0.377994236193326,-0.027215936926640465
0.9389622616767884,-7.490140578746796,-6.108045324683189,0.5998027799251233,-0.7445432989016527,-0.10587212228940109,-0.273281896540324
0.9665083484351635,-7.494931202530862,-6.1511609387397765,0.453891537146399,-0.7288350328227701,0.18181641063870893,-0.4792961091638101
0.8766841524839402,-7.47217559337616,-6.099661586880684,0.24137699074630092,-0.6061853633488674,0.44294541102705676,-0.61487870059869
0.8203943230211735,-7.5164887171983725,-6.082894695997238,-0.012596069929823608,-0.3885780304081294,0.6426565695440142,-0.660182540611596
0.8168013551831246,-7.522476850748062,-6.087685319781304,-0.25893154219896997,-0.11804838241295187,0.7425390332703048,-0.6063454625328283
0.8467427538335324,-7.591941187977791,-6.069720334410667,-0.46724847030240324,0.1698867085181902,0.7334345590311945,-0.4635635025405225
0.8407544741034508,-7.6769749063253405,-6.066127220392228,-0.6068431881295404,0.4331306919537206,0.6166464238966637,-0.25275746597068627
0.9162067987024785,-7.745241149067879,-6.094870963096619,-0.657272350306544,0.6328571548933641,0.4092198979550814,-0.004894296723849327
0.9629153805971146,-7.832669886946679,-6.10565030515194,-0.611165415587538,0.7396965759276363,0.1415238108500997,0.24350938649897647
0.9150091427564622,-7.897343600392342,-6.172719038128853,-0.47536436286437106,0.7378990737590969,-0.1469442712786762,0.4560055488723754
0.9329739819467068,-7.711706782579422,-6.2014627808332445,-0.26445883950523447,0.6237703665098706,-0.4190893540655294,0.6044304470992702
0.9150091427564622,-7.402711256146431,-6.225415899753571,-0.018807004574621092,0.41980637844285396,-0.6227200441049373,0.6600217025731582
0.8120107313990593,-7.087728180885315,-6.212241538167,0.22985580668513722,0.15446159314121818,-0.7351010475350027,0.6188169150001825
0.6922451367974282,-7.056588833928108,-6.279310271143913,0.4447875683204049,-0.1334399898260092,-0.7399678933253483,0.486626453278592
0.6922451367974282,-7.165575671195985,-6.450575217604637,0.5944551687863059,-0.40181349777512515,-0.6366295667087352,0.2826159232973473
0.7018263843655587,-7.147610685825348,-6.532015821933746,0.6566947226575489,-0.6114345904436282,-0.43995408054635143,0.03660860354304962
0.6563154584169388,-7.08293755710125,-6.442191479802132,0.6203056065464675,-0.7328221901483971,-0.17173846308648308,-0.2206773491090972
0.6778732654452324,-7.044612566828728,-6.268531513810158,0.49233329555387767,-0.7424337903020641,0.1161868578353814,-0.4392045163396087
0.7353607508540154,-7.0338332247734074,-6.046964725255966,0.29214566973364564,-0.6427071100526492,0.3869831863686307,-0.5931462651080533
0.7904529243707658,-7.132041304707528,-5.852944754362107,0.049239702182351144,-0.4483319489956268,0.6007928210686191,-0.6600165917544697
0.8407544741034508,-7.290131889581681,-5.805038516521454,-0.20072495847147573,-0.18805593167675252,0.7261234489236013,-0.63015013650011
0.8371615062654019,-7.46498936533928,-5.80982914030552,-0.4210768296122304,0.09975697736489135,0.7446458854573952,-0.5081784669799628
0.8287779146432876,-7.5775693166255955,-5.839770392775536,-0.5796981593439041,0.37285868230948144,0.6538148083715211,-0.3121740595146207
0.8072201076149941,-7.570383088588715,-5.8948628586530685,-0.6543285773553346,0.5954009227941403,0.46168124159570467,-0.06482503490688378
0.7784763649106026,-7.502116845846176,-6.10445221066475,-0.6304222463048684,0.7249512211722442,0.20563374843650872,0.1863552515727594
0.7820693327486515,-7.304503760933876,-6.339192776083946,-0.5142000880633366,0.7487387609132926,-0.0803955564705836,0.41051807736258017
0.6970357605814934,-7.134436324238777,-6.473330242037774,-0.3224085865233592,0.6633208389583289,-0.3548084793085455,0.5746034379903985
0.6287693716585636,-7.190726299881936,-6.502073984742165,-0.0831514527650592,0.4809332818166573,-0.5775671637534736,0.6543738883068976
0.6730826416611672,-7.433850603103638,-6.50446958899498,0.16840764864341878,0.22807423748977673,-0.7159091823520586,0.6380400055606693
0.7653021495044232,-7.655416806936264,-6.467342108488083,0.3953131097689418,-0.058295644206436,-0.7493321816765725,0.5280439798115242
0.8826724322140217,-7.705718649029732,-6.39787835597992,0.5675948634328674,-0.3423287137394823,-0.6694777939836063,0.3353305922771444
0.9509388211369515,-7.681765530109406,-6.30326339006424,0.651693412938304,-0.569241174166064,-0.4917579958850956,0.09713009137203783
0.9916591233015061,-7.623079950213433,-6.21822967171669,0.6402946510367048,-0.7123929635443133,-0.24168773729832926,-0.15526127329746126
0.995252091139555,-7.491338088512421,-6.170323433876038,0.5350390608598734,-0.7507682948787324,0.04393573797768709,-0.38490235344489804
0.9269857022166252,-7.421873751282693,-6.139184671640397,0.35137531810870504,-0.6788119799216019,0.32306367756114296,-0.5580139263312262
0.8778818084299564,-7.512895603179932,-6.175114057660103,0.11620998747526237,-0.5072415034329891,0.5547211940453368,-0.649219294909629
0.8922536797821522,-7.686556153893471,-6.234997147321701,-0.13598571756896755,-0.2613165684118499,0.7049287577900644,-0.6452108044129954
0.9425552295148373,-7.781170535087586,-6.288891518712044,-0.3734302126300718,0.029777201986299,0.7513572379644604,-0.5432545402436538
1.0204028660058975,-7.754822396636009,-6.3535646474361425,-0.5501413861310198,0.31001311089379074,0.6852955122384954,-0.36277594634370713
1.075495039522648,-7.647033069133759,-6.399075865745544,-0.6461758559187711,0.5447476460373298,0.5187286094865057,-0.128947256910055
1.071902071684599,-7.520081831216813,-6.405063999295235,-0.6473099027494574,0.6995841301679222,0.2760506584921168,0.12396761095442771
1.0263911457359791,-7.397920632362366,-6.372727142572403,-0.5532536455871798,0.7517499258659359,-0.007241558217099937,0.35878964929279045
0.9916591233015061,-7.322468746304512,-6.3655414992570885,-0.3778031481614629,0.6934766197634598,-0.2894755313991431,0.5408871192789835
0.9533341330289841,-7.3092943847179415,-6.371529632806778,-0.14077429867057317,0.5282783656027025,-0.5340415984718412,0.6449063004589012
0.9138114868104459,-7.329654389619828,-6.352367137670517,0.11190674739563551,0.28814548989370037,-0.693801659170285,0.650452392011751
0.8838700881600381,-7.360793736577034,-6.337995266318321,0.3480723486207987,0.005654131970838488,-0.7515426843838041,0.5603545881550746
0.8718935286998749,-7.396723122596741,-6.30925152361393,0.533030636131502,-0.277726743278421,-0.6987593265397327,0.3879195800510044
0.8647075930237771,-7.399118726849556,-6.270926533341408,0.6396058026633188,-0.5202513194663987,-0.5432315320023666,0.15856381816557275
0.849138065725565,-7.411094993948937,-6.229008429050446,0.6521966563531031,-0.6863097064155339,-0.30785349512542837,-0.09404644523167147
0.8120107313990593,-7.4015137463808065,-6.203857800364495,0.5688840125156197,-0.7515677775792794,-0.027194347109836814,-0.3328322753188774
0.7988365159928799,-7.395525612831116,-6.223020295500755,0.3970577092737805,-0.7039340684764802,0.26394358090904463,-0.5264558754932066
0.8000341719388963,-7.4015137463808065,-6.249369018673897,0.16987642894551067,-0.5527358136040508,0.5094716027464701,-0.6372313592747394
0.7904529243707658,-7.448222474455834,-6.292484632730484,-0.08227094076326966,-0.3202867435324329,0.6801649177850496,-0.6542351097562502
0.7844646446406842,-7.481756840944291,-6.243380300402642,-0.3222358576071969,-0.040744908802324196,0.7508489609026839,-0.5750910731268608
0.7664998054504395,-7.425466865301132,-6.147567824721337,-0.5148544244369592,0.24483295955796647,0.7111030128234336,-0.41147812664248645
0.7138029438257217,-7.346421865224839,-6.046964725255966,-0.6317801049837033,0.49444068811431996,0.5667760524992197,-0.18747589497644837
0.7305701270699502,-7.3751656079292305,-6.109242834448815,-0.6558346782607392,0.6713315283554147,0.33925715266043976,0.06402685526673116
0.791650580316782,-7.435048112869263,-6.207450914382935,-0.5807541669774916,0.7500370223578963,0.05504657385913787,0.3116712006861571
0.7832669886946678,-7.508104979395867,-6.211044028401375,-0.4209630122990746,0.7155925515360195,-0.23109814149506383,0.5072584069877857
0.795243548154831,-7.5655924648046495,-6.142777200937272,-0.19945778935267938,0.5760263058005013,-0.48330901823506595,0.6283491690016196
0.814406043291092,-7.541639345884324,-6.052953443527222,0.05123225907517463,0.35186856541832007,-0.6644662534932132,0.6573038614440054
0.8694982168078423,-7.442234340906143,-6.01702347278595,0.2944475401592833,0.07609410556124656,-0.7480154010100353,0.589901087509404
0.8766841524839402,-7.358398132324219,-6.057744067311288,0.49446899829724017,-0.21084757631456344,-0.721820013342798,0.4359123508493434
0.8096154195070268,-7.3368406176567085,-6.057744067311288,0.623957773308162,-0.472242310974927,-0.5853255579926548,0.21226843386139124
0.77608105301857,-7.3703749841451645,-6.018220982551575,0.6577969280122361,-0.6577459064356361,-0.36503190283094106,-0.03775227119592813
0.7497326222062112,-7.518884321451187,-6.0637322008609775,0.5951975778742469,-0.7468584424204731,-0.09126717150758587,-0.28215707271464907
0.8359638503193856,-7.6158943068981175,-6.197869666814804,0.4452727176947764,-0.7265968980729914,0.19573079216413203,-0.4852613848084516
0.998845058977604,-7.7033230447769165,-6.357157761454583,0.2299175121359904,-0.5999024531049426,0.45403382338529724,-0.6173396727847624
1.0168098981678486,-7.65661431670189,-6.377517766356468,-0.01927722645217468,-0.38519034333807334,0.6458144875210293,-0.6589236948595482
0.9461481973528862,-7.496128712296486,-6.224217805266381,-0.26570391585486985,-0.11387713968777391,0.7428793887739313,-0.6037910564846002
0.9174044546484947,-7.3787581372261055,-6.1631377905607225,-0.4774837991978362,0.1809211932256305,0.7291532009252454,-0.4556449856257427
0.9042302392423154,-7.459001231789589,-6.21822967171669,-0.6134163610782389,0.4423392621839214,0.6074451082831502,-0.2430365929546154
0.9006372714042664,-7.560801841020584,-6.181102191209793,-0.6593610065327746,0.6387162225057478,0.3965578387491379,0.005150795927539099
0.8802771203219891,-7.533256192803384,-6.120022176504135,-0.6086481854525436,0.7412913496354495,0.12747898791913964,0.25255420990371863
0.8922536797821522,-7.48415186047554,-6.122417196035386,-0.4687017142975958,0.7350938226997091,-0.1602059582433571,0.4629144907934413
0.8982419595122337,-7.4470249646902085,-6.183497795462609,-0.25993746911591775,0.6211039517728654,-0.42441982671738304,0.6054173799379466
0.8910560238361359,-7.419478731751442,-6.229008429050446,-0.012996393346978705,0.4159988790104764,-0.6264263435399801,0.6590645359455539
0.887463055998087,-7.4086999744176865,-6.220625275969506,0.2415835677243669,0.14304414207157692,-0.737758805780068,0.6139117996247837
0.8766841524839402,-7.46498936533928,-6.171520943641663,0.4544753810243822,-0.14514027791231537,-0.7371463905306136,0.4785411442059778
0.8982419595122337,-7.457803722023964,-6.188288419246674,0.6007011076545492,-0.41201523905290605,-0.6284142282832232,0.2729417149172608
0.9078232070803642,-7.418281221985818,-6.245775904655457,0.6587713367418342,-0.6184569603470319,-0.4275395576489591,0.027225736556043392
0.8886607119441032,-7.383548761010171,-6.292484632730484,0.6201263193780754,-0.7342044857538284,-0.16386412410903342,-0.2225661024135011
0.8611146251857281,-7.409897484183312,-6.308054013848305,0.4904184945651011,-0.7421906602831966,0.12389976551917778,-0.43964937402569504
0.8395568181574345,-7.459001231789589,-6.286495914459229,0.2887456505174423,-0.641145725736867,0.393557560529625,-0.5921744288860975
0.8551263454556466,-7.469779989123345,-6.248170924186707,0.038706622498337444,-0.44026818280649543,0.6093334473852168,-0.6583148748742387
0.8647075930237771,-7.438641226887703,-6.193079043030739,-0.21141604731828262,-0.17846029703670785,0.729855763841972,-0.6251125829037
0.8419521300494671,-7.419478731751442,-6.166730319857598,-0.4305234821732364,0.10957405645628097,0.7433016252341602,-0.5001457301361302
0.8479404097795487,-7.454210608005524,-6.194276552796365,-0.5864315586220978,0.381518122750605,0.6477096033524895,-0.3016856290741606
0.8778818084299564,-7.473373103141785,-6.257752171754837,-0.6562389868753323,0.5974485999217773,0.4570998347105889,-0.05886682991207939
0.8910560238361359,-7.457803722023964,-6.262542795538903,-0.6297216553544354,0.7256718437118436,0.19935220917274782,0.19263880377397602
0.8778818084299564,-7.406304370164872,-6.212241538167,-0.5069916952452379,0.7463720599981912,-0.09456207059752823,0.4206497162850872
0.8443474419414998,-7.36797937989235,-6.130800933837891,-0.31167727067083195,0.655737088530295,-0.3680048509167051,0.580894637068347
0.8419521300494671,-7.3404331469535835,-6.134394047856331,-0.07065437791443879,0.46887305759277004,-0.5873757052387437,0.6558626347341484
0.8479404097795487,-7.344026260972023,-6.185892814993859,0.1807571479329261,0.21324519562833247,-0.7205216800065131,0.6345879361075031
0.8479404097795487,-7.356003112792969,-6.242182790637017,0.4056887594427928,-0.07367004395626747,-0.7479391634667175,0.520169552009685
0.8203943230211735,-7.366781870126725,-6.254159642457962,0.57105076353433,-0.34981662059745505,-0.6655812864245646,0.3294402959294089
0.7808716768026353,-7.36797937989235,-6.282903385162354,0.652562250123156,-0.5746574309350255,-0.4855400245708218,0.09045568708006092
0.7784763649106026,-7.357200622558594,-6.292484632730484,0.6369464268025151,-0.7171940657819045,-0.22758005097081244,-0.16774755375519407
0.7976388600468636,-7.318875632286072,-6.294879652261734,0.5270069359777242,-0.7500889469610249,0.05843357127892004,-0.39524141840887955
0.8335685384273529,-7.320073142051697,-6.284100894927978,0.33969927572024883,-0.6728913930197257,0.3359041286956693,-0.5647919896743532
0.8120107313990593,-7.487744974493981,-6.1511609387397765,0.10270946473517156,-0.49685180190291955,0.5642092228284026,-0.6513501406117961
0.8898583678901196,-7.662603034973145,-6.060139086842537,-0.14924517502375279,-0.2479140945478013,0.7096621502796234,-0.642373810111507
1.002438026815653,-7.653021787405015,-6.066127220392228,-0.3794996174571932,0.03733188690613078,0.7508844200872655,-0.539220695300248
1.0395653611421585,-7.643440539836884,-6.177509661912919,-0.5541679201083453,0.31706270220615285,0.6819347662886447,-0.3568390865913858
1.002438026815653,-7.56679055929184,-6.245775904655457,-0.6487242733975799,0.5548960698687981,0.5077406884966096,-0.11595931180346379
0.9138114868104459,-7.481756840944291,-6.255357152223588,-0.6445868810174762,0.7051214197233475,0.261933066580273,0.13675746743540906
0.8551263454556466,-7.445826870203018,-6.262542795538903,-0.5457653325665849,0.7518010628593977,-0.022380716780424324,0.3693703658502658
0.8419521300494671,-7.4470249646902085,-6.260147776007653,-0.36674056019141466,0.6880673275535362,-0.30343077051727996,0.5477175200476172
0.8718935286998749,-7.426664375066758,-6.250566528439522,-0.13376696753815032,0.52323676509116,-0.5399160524793966,0.6456162500492465
0.8958466476202012,-7.403909350633621,-6.243380300402642,0.11890590211149418,0.281540662530002,-0.6970538508849163,0.6486232887830409
0.8886607119441032,-7.46858247935772,-6.207450914382935,0.35929733494721294,-0.008521331469426368,-0.7516038413618933,0.553104400325892
0.8766841524839402,-7.498523731827737,-6.148765919208527,0.5407744595681702,-0.29091641035794114,-0.6931723887701898,0.37741577273589416
0.8479404097795487,-7.4757687073946,-6.096069057583809,0.64278246745577,-0.5305392292478975,-0.5328594593190812,0.1463544409121064
0.829975570589304,-7.427862469553948,-6.039779081940651,0.6503990750126091,-0.6922043414565623,-0.2942266103569543,-0.10613620800314326
0.8383591622114182,-7.390734989047051,-6.057744067311288,0.5625064841031752,-0.7521862812499893,-0.012472882582966477,-0.34299661928547925
0.8611146251857281,-7.400316236615182,-6.135591557621956,0.3919430678467841,-0.7017946848903863,0.2710618380428694,-0.5295189626286066
0.8611146251857281,-7.389537479281426,-6.202660290598869,0.16371403495407358,-0.5484188152433068,0.5148557976834056,-0.6382460539932608
0.8635099370777607,-7.411094993948937,-6.184695305228233,-0.09458661968267809,-0.30815536252265985,0.6858249410946893,-0.6524858573930921
0.8838700881600381,-7.45660621225834,-6.12121968626976,-0.33293959808839974,-0.02742992180829681,0.7511410783232565,-0.5693732553164936
0.9174044546484947,-7.442234340906143,-6.120022176504135,-0.5224405561066083,0.2572808282405634,0.7062030480501625,-0.4026657369078319
0.9329739819467068,-7.467384969592095,-6.194276552796365,-0.6352373918673831,0.5042132108281717,0.5576563443314205,-0.1768103380088018
0.9042302392423154,-7.535651212334633,-6.256554661989212,-0.6547374255696099,0.6772057544793258,0.32722938692495274,0.07504797126695861
0.8419521300494671,-7.551220593452454,-6.256554661989212,-0.5780898457814941,0.7507974668053538,0.04874563322750222,0.315815068171615
0.8275802586972714,-7.526069964766503,-6.227810919284821,-0.4166087672023513,0.7141345509321956,-0.23692970704755095,0.5102090671218711
0.8443474419414998,-7.4853499549627305,-6.213439047932625,-0.18819373694239594,0.568004782386179,-0.49296429355632915,0.6316168853352442
0.8946489916741849,-7.4853499549627305,-6.207450914382935,0.06303899054780446,0.34080273262362554,-0.6700918743165332,0.6563965745507352
0.9245903903245927,-7.490140578746796,-6.213439047932625,0.3050736872662661,0.06360274736196415,-0.7488729573066983,0.5848709513050675
0.9509388211369515,-7.46618745982647,-6.229008429050446,0.5024093312427069,-0.2228883470670072,-0.717743683770005,0.4274922841762838
0.9150091427564622,-7.438641226887703,-6.21822967171669,0.6260058159586377,-0.4767210090931186,-0.5812651399665522,0.20732736176120967
0.8802771203219891,-7.3703749841451645,-6.169125924110413,0.6576890255408134,-0.6606040502565446,-0.3594084926746226,-0.04327782181648695
0.8479404097795487,-7.326061275601387,-6.142777200937272,0.5927791505940461,-0.7475144154196349,-0.0847897591303334,-0.28748178047915146
0.8467427538335324,-7.341631241440774,-6.159544676542282,0.43631702663830846,-0.7227059603121136,0.2089157700649556,-0.49363726380108075
0.8551263454556466,-7.429059979319573,-6.169125924110413,0.21847543377536705,-0.5911354492147785,0.46513516258309473,-0.6216724588134055
0.8503357216715813,-7.55960433125496,-6.1403821814060215,-0.031307459143893504,-0.3728010388140122,0.6530705149893644,-0.6584361251576899
0.8683005608618259,-7.639847425818444,-6.120022176504135,-0.27646893091070657,-0.09976091918944617,0.7451416207741905,-0.5986456833834018
0.9162067987024785,-7.625475554466248,-6.153556542992592,-0.48113930945508115,0.18785168511696917,0.7278670777544064,-0.45102796633586223
0.9521364770829678,-7.530860588550568,-6.219427181482315,-0.6152770566092447,0.4478441510912499,0.6038183019825292,-0.2372197675881104
0.92219507843256,-7.460198741555215,-6.231404033303261,-0.659156324349566,0.6456423420152309,0.3851634274921099,0.01755107944223334
0.8850677441060544,-7.438641226887703,-6.211044028401375,-0.6040591681983797,0.7432406648564887,0.1141972110735095,0.26394096385782684
0.8850677441060544,-7.481756840944291,-6.169125924110413,-0.4603947635566003,0.7317825454863885,-0.1735163307098042,0.47161748354798033
0.9293810141086579,-7.4781637269258505,-6.166730319857598,-0.24919341918155952,0.6129863363912825,-0.43573073275855945,0.6101549965081706
0.976089596003294,-7.442234340906143,-6.197869666814804,-0.00139058755002066,0.40431639887641574,-0.6340151481790582,0.6592049057352044
0.9736942841112615,-7.388339384794236,-6.221822785735131,0.24665612995214647,0.13629923497169932,-0.7393147802356401,0.611552882282707
0.9365669497847557,-7.406304370164872,-6.231404033303261,0.45846333044611803,-0.15170390554801733,-0.7361457178445224,0.4742222915225567
0.9042302392423154,-7.461396836042405,-6.21463655769825,0.6055553523001026,-0.42314418923339003,-0.6210616793691646,0.2617901847622799
0.8754864965379239,-7.494931202530862,-6.1787071716785436,0.659287100797621,-0.6258934194581575,-0.4163727796488458,0.015220202637818175
0.8168013551831246,-7.481756840944291,-6.103254700899124,0.6162680190850816,-0.7368801597066607,-0.15058244284308464,-0.23355146497302276
0.8335685384273529,-7.46858247935772,-6.157149072289467,0.4827164192574304,-0.7398388506933448,0.13728057072868607,-0.4480818881459522
0.9197997665405274,-7.517686226963997,-6.285298404693604,0.2782551280961765,-0.6342993821390663,0.4049606523396097,-0.596862838148646
0.918602110594511,-7.4889424842596055,-6.232601543068886,0.03304053822111891,-0.4356572302427716,0.6131905874547576,-0.65810972035683
0.8587193132936954,-7.3631887561082845,-6.069720334410667,-0.21696164807711188,-0.1729868916859063,0.7314424977199929,-0.6228924875912778
0.8647075930237771,-7.405106860399247,-6.092475943565369,-0.4396597121367453,0.1218514435343151,0.741237040014972,-0.4923608572401756
0.8946489916741849,-7.637451821565628,-6.333204642534256,-0.5919314586218314,0.3920802449738793,0.6410174330111204,-0.2915250938956846
0.9365669497847557,-7.86141362965107,-6.643397678732872,-0.6573898764115782,0.6048504684296252,0.4469102005894241,-0.04759972522140955
0.9114161749184132,-7.65781241118908,-6.668548307418823,-0.6264419705478249,0.7287873800045497,0.1871267750907321,0.2035263676441085
0.8778818084299564,-7.511698093414307,-6.405063999295235,-0.5036749311054675,0.7455499867903231,-0.10031197354158491,0.42474026055584135
0.9317763260006905,-7.491338088512421,-6.169125924110413,-0.30717700829606537,0.6526588820892775,-0.37296217813259647,0.5835905095928505
1.0275888016819954,-7.473373103141785,-6.075708467960358,-0.059494071045180216,0.4583878543071908,-0.5949000153803516,0.6575979031555514
1.029984113574028,-7.420676241517067,-6.036185967922211,0.19155261203943996,0.2003455638726112,-0.7235562312371319,0.632167408283084
0.9916591233015061,-7.354805018305779,-6.018220982551575,0.4145332536077718,-0.08707171597114689,-0.7459344198086281,0.5139674496268806
0.8814747762680054,-7.315282518267632,-6.067325314879418,0.5766056584510465,-0.36177192916769396,-0.6588340182798653,0.32028849849116675
0.7736857411265373,-7.279353132247925,-6.122417196035386,0.6539072304400773,-0.5834596672842952,-0.47502299489663813,0.07958206424889736
0.722186535447836,-7.2637831664085395,-6.207450914382935,0.6350573862132418,-0.7195615132469028,-0.22155751165029777,-0.17275883161552388
0.7365584068000317,-7.317678122520447,-6.287694008946419,0.5228532445181053,-0.7501327241155282,0.06442300097762384,-0.39971872342053766
0.8036271397769451,-7.391932498812676,-6.342785890102387,0.32857832163589445,-0.6673517196911658,0.34703472099296895,-0.5711784932939217
0.8335685384273529,-7.432653093338013,-6.317635261416435,0.08984237325207242,-0.48727394023257387,0.5719171864922641,-0.6537608025367001
0.8694982168078423,-7.448222474455834,-6.291286538243294,-0.16209760422448938,-0.23557296561241886,0.7128081967973713,-0.6404172227194791
0.8862654000520707,-7.425466865301132,-6.2781127613782886,-0.3902768476601548,0.050774547993331455,0.7489531605347232,-0.5330807544655637
0.849138065725565,-7.4134905982017525,-6.2397877711057665,-0.5611284991404154,0.3296673607753557,0.6750141406477432,-0.3475775433157686
0.8203943230211735,-7.358398132324219,-6.2014627808332445,-0.6496494503256655,0.560122199737646,0.5018717716770904,-0.11110102540624806
0.8096154195070268,-7.303306251168252,-6.143975295424462,-0.6428280011261548,0.7082814722494495,0.2550550156574013,0.141620817764577
0.8156036992371083,-7.305701270699501,-6.088882829546929,-0.5382527061342071,0.7520664262173576,-0.03612554783747191,0.37864899272188374
0.8251849468052388,-7.310491894483567,-6.0637322008609775,-0.35593397499859103,0.6832410899448194,-0.31558037756978263,0.5539870429402037
0.8359638503193856,-7.3404331469535835,-6.081697186231613,-0.12141135182499356,0.5142024690904006,-0.5487149884934157,0.6478942551312165
0.8611146251857281,-7.405106860399247,-6.145172805190087,0.13098061139246026,0.26971739642787984,-0.7014056473352337,0.646627190419383
0.8503357216715813,-7.481756840944291,-6.197869666814804,0.36412790258641137,-0.014380019095321293,-0.7511878576849734,0.5503824925226993
0.8419521300494671,-7.5164887171983725,-6.207450914382935,0.543785917979911,-0.29633279997297945,-0.6906984895870438,0.37338899762726796
0.8659052489697934,-7.476966217160225,-6.19906717658043,0.6437265402093424,-0.5347386106530416,-0.528785715849624,0.14162071324621117
0.8946489916741849,-7.427862469553948,-6.177509661912919,0.6483593583515306,-0.6971235275707576,-0.28279376031749187,-0.11694707722208274
0.9102185189723969,-7.411094993948937,-6.147567824721337,0.5565869812532066,-0.7524118429322164,-0.00024227332342659344,-0.35226026204842525
0.9365669497847557,-7.425466865301132,-6.20505531013012,0.3831757356835983,-0.6973308415413212,0.2823053039035457,-0.5359195540438254
0.9126138308644295,-7.427862469553948,-6.20505531013012,0.15360806986938075,-0.5399836338558737,0.5234339868888243,-0.6409673138378269
0.8838700881600381,-7.3787581372261055,-6.167928414344788,-0.09851944489389551,-0.30333325398695277,0.6878176957465564,-0.6520656971666146
0.8335685384273529,-7.407501879930496,-6.177509661912919,-0.3360968466293157,-0.022132249128343943,0.7513457989928867,-0.5674756061454024
0.8515333776175976,-7.56918557882309,-6.21822967171669,-0.5279718126978927,0.26887461978800176,0.7022407168700711,-0.3947279815267313
0.9712989722192288,-7.651823692917824,-6.285298404693604,-0.6370177813197512,0.5135673242744301,0.5500430419990388,-0.1670616702553518
1.0443559849262238,-7.66380054473877,-6.294879652261734,-0.6526710910277447,0.6828182855353047,0.3170662485000085,0.08513888616496751
1.0659137919545174,-7.6925442874431615,-6.299670276045799,-0.5726358234357034,0.7517720381951454,0.03747350683202067,0.3248426582081567
1.0766926954686642,-7.582359940409661,-6.330809623003006,-0.4086896442426284,0.7102553780665449,-0.24750011937073185,0.5169659210507561
1.021600521951914,-7.433850603103638,-6.395482751727105,-0.18483218056006884,0.5645394770212401,-0.49597849114521775,0.6333542296656021
0.9281833581626415,-7.3248637658357625,-6.431412722468377,0.06620781968899751,0.3361111930218171,-0.6716383201206404,0.6569229463818449
0.849138065725565,-7.223063156604767,-6.448179613351822,0.3131567827296519,0.051564656057877294,-0.7492648938795597,0.5812710507806994
0.7808716768026353,-7.141622552275658,-6.355960251688957,0.5080212516550631,-0.23443266006329982,-0.7141138542766714,0.42071027904317415
0.6970357605814934,-7.102100052237511,-6.181102191209793,0.6282076253805727,-0.48625382891095176,-0.5741215957285742,0.19823417112399247
0.6539201465249062,-7.193121904134751,-6.02061658680439,0.6559261000884774,-0.6667827283695343,-0.3497387126686455,-0.05333457819913039
0.703024040311575,-7.353607508540154,-5.9870822203159335,0.5871385933121406,-0.749383509306213,-0.07403255255483693,-0.29700472956766394
0.7820693327486515,-7.515291207432747,-6.023011606335641,0.4320273463484945,-0.7219277131435025,0.21249056177856493,-0.4970115795004183
0.7964412041008473,-7.608708078861237,-6.023011606335641,0.2135959874361551,-0.5884332090287995,0.46774795885726606,-0.6239671142360825
0.7988365159928799,-7.637451821565628,-5.967919725179673,-0.04209849944655993,-0.362388279674546,0.6575084268055795,-0.659230703000492
0.8383591622114182,-7.5631974452734,-6.001454091668129,-0.28573494835984337,-0.08763560556542349,0.745414427681685,-0.5958463484212729
0.8587193132936954,-7.445826870203018,-6.137986577153206,-0.4875280880992075,0.19981700279941136,0.7240549957493408,-0.44512233356349723
0.8659052489697934,-7.38115374147892,-6.292484632730484,-0.6179550871529138,0.45797163139674774,0.5966032729334272,-0.2290371800008875
0.8072201076149941,-7.3787581372261055,-6.339192776083946,-0.6577833251867566,0.6490179853926784,0.38167074073193014,0.020596053316658234
0.7784763649106026,-7.407501879930496,-6.3272165089845664,-0.6011895543101025,0.7449582822263897,0.11070010076573446,0.26712125565215367
0.8407544741034508,-7.436245622634888,-6.330809623003006,-0.45210951263167587,0.7299132894149868,-0.18327639873960883,0.47878318703603434
0.9078232070803642,-7.46858247935772,-6.348774023652077,-0.23919562950833262,0.6069219697125988,-0.4435871831252165,0.6145417678818321
0.9437528854608537,-7.521279340982438,-6.31284463763237,0.008868718512493998,0.3948392268739826,-0.638851403663287,0.6602213377276972
0.94495054140687,-7.5236749452352525,-6.254159642457962,0.25569459524213906,0.12477933482837582,-0.7403485696313785,0.6090438301210502
0.9545317889750005,-7.482954350709916,-6.211044028401375,0.4650277233839562,-0.16355466970949964,-0.7331513819985285,0.46849561105115906
0.9581247568130493,-7.518884321451187,-6.182300285696984,0.6061334045952546,-0.4279226087283238,-0.6183235081905218,0.2591535760738737
0.9581247568130493,-7.498523731827737,-6.158347166776657,0.6582608727569556,-0.6294516833606931,-0.41272901915391,0.011745571926992434
0.94495054140687,-7.454210608005524,-6.147567824721337,0.6115924210468715,-0.7398087491812755,-0.13967438248890376,-0.24316412570362078
0.9317763260006905,-7.4470249646902085,-6.148765919208527,0.474974543915315,-0.7378485815288308,0.14812251958496817,-0.4561122368015701
0.9245903903245927,-7.438641226887703,-6.184695305228233,0.2686411407603565,-0.6275582236987914,0.4141176292450018,-0.6020873711576178
0.8826724322140217,-7.443431850671769,-6.160742186307908,0.022895180473891583,-0.4250590946970489,0.6193766806286348,-0.6596765148312067
0.8251849468052388,-7.460198741555215,-6.1128359484672545,-0.2261123936510326,-0.16010314093462233,0.7337007461776275,-0.6204219409068812
0.8179990111291409,-7.520081831216813,-6.117626572251321,-0.4418999063327094,0.1283285797810415,0.7403118193000263,-0.490096580889123
0.8251849468052388,-7.579964336156846,-6.1403821814060215,-0.5928354353852296,0.3979035676694763,0.6382778980467627,-0.2877850278463318
0.8407544741034508,-7.5619999355077745,-6.2014627808332445,-0.6572060650131606,0.6130278171237029,0.4369271440877161,-0.03703720159268644
0.8683005608618259,-7.56918557882309,-6.249369018673897,-0.6223102187089163,0.7323988646809769,0.17516918410411247,0.2136297068405428
0.8922536797821522,-7.46858247935772,-6.21463655769825,-0.4960477687904645,0.7442112025613389,-0.11231961931803876,0.4329787525692901
0.8479404097795487,-7.338038127422333,-6.161939696073532,-0.29701146349216173,0.6467476457936323,-0.3833456022107173,0.5886831256969586
0.8203943230211735,-7.269771884679795,-6.1631377905607225,-0.05438815954808276,0.4543386229092651,-0.5980879832089914,0.6579582875645585
0.7964412041008473,-7.304503760933876,-6.181102191209793,0.1962271789445682,0.19523301816829905,-0.7250275647606752,0.6306456954562981
0.7461396543681622,-7.492535598278046,-6.133195953369141,0.42269858636734187,-0.09944426994297781,-0.7445775256161553,0.5069921603002185
0.7653021495044232,-7.602719945311547,-6.10445221066475,0.581181294421095,-0.37282991836260415,-0.6531863287387268,0.31076321361702125
0.8683005608618259,-7.55960433125496,-6.1511609387397765,0.654439391598467,-0.591467620652939,-0.46597764030761324,0.06884747763519049
0.9293810141086579,-7.530860588550568,-6.185892814993859,0.6316857183195975,-0.7232954920953142,-0.21035466572877934,-0.1832148983892548
0.9748919400572778,-7.541639345884324,-6.190683438777924,0.5162544963101584,-0.7489349415129648,0.07613621824036863,-0.40838832585245577
0.9736942841112615,-7.486547464728356,-6.184695305228233,0.32508534605490297,-0.6646610582757078,0.35143956987903296,-0.5736160947144183
0.941357573568821,-7.442234340906143,-6.1894859290122985,0.08617649875496815,-0.4828237538859985,0.5752189690732005,-0.6546586678293752
0.8850677441060544,-7.3320499938726424,-6.246973414421082,-0.17140272059129955,-0.22348586953414715,0.7165607726165661,-0.6381346508689345
0.810813075453043,-7.311689404249192,-6.240985280871391,-0.3976165449200528,0.0633483693229739,0.7484031498332823,-0.5270491368265217
0.7688951173424721,-7.366781870126725,-6.254159642457962,-0.5654043020815309,0.3409551717235865,0.6703923417652854,-0.33858773481195903
0.7988365159928799,-7.4781637269258505,-6.264938399791718,-0.6501949552993566,0.5684770453649981,0.49395109161046874,-0.10046237152872754
0.8335685384273529,-7.57517371237278,-6.219427181482315,-0.6396180969390521,0.7125012258541885,0.2449458681616746,0.15242117600539548
0.8862654000520707,-7.587150564193726,-6.135591557621956,-0.5352351583989813,0.7518513684219786,-0.04000219269275224,0.3829395116665131
0.9281833581626415,-7.524872455000878,-6.117626572251321,-0.35232076723026456,0.6808615457166132,-0.3190165521154402,0.5572486626444596
0.9784849078953267,-7.443431850671769,-6.143975295424462,-0.11161453709271706,0.5047795035105241,-0.5558184825648091,0.6510035809307042
0.9545317889750005,-7.390734989047051,-6.159544676542282,0.1403217783302285,0.257637832369578,-0.7049325808030474,0.6457573866248085
0.9054278951883317,-7.345223770737649,-6.155951562523843,0.37164389970088013,-0.027317691508332225,-0.7505891299451728,0.5456652028065619
0.8479404097795487,-7.305701270699501,-6.203857800364495,0.5484097660096335,-0.30828887562123647,-0.6860792116028441,0.3653765360828098
0.8168013551831246,-7.4122925037145615,-6.284100894927978,0.644567777044146,-0.5439823776405728,-0.5208995852613417,0.1314502783847928
0.8287779146432876,-7.5619999355077745,-6.267333419322968,0.6461251815992243,-0.6998128719739679,-0.2792293063021138,-0.12171765864062795
0.8671029049158097,-7.618289326429368,-6.238589676618576,0.552883730534585,-0.7529154829308111,0.003448164936361523,-0.35696773836272033
0.9150091427564622,-7.6003249257802965,-6.236194657087326,0.3735730671015925,-0.6927140993759293,0.29198885143565606,-0.5434453520818726
0.9545317889750005,-7.534453702569008,-6.263740890026093,0.1426740127128223,-0.5309830261087788,0.5308121395937162,-0.644933814077636
0.9545317889750005,-7.479361236691475,-6.254159642457962,-0.1092351830625199,-0.29129570898048235,0.6916973036470268,-0.6517432967344495
0.8850677441060544,-7.400316236615182,-6.203857800364495,-0.3451102459944734,-0.008788933259984697,0.7510176483714691,-0.5628447073539681
0.8239872908592224,-7.396723122596741,-6.164335300326347,-0.5302720631049723,0.2750597876097955,0.7000389649118077,-0.39127880077465893
0.8179990111291409,-7.425466865301132,-6.141579691171646,-0.6375314532500957,0.5184522817747562,0.5462710805282524,-0.1623230859054412
0.8407544741034508,-7.453013098239899,-6.154754052758217,-0.6504670481861287,0.6884586917240024,0.3059348809216759,0.09654583185792902
0.8778818084299564,-7.4506174939870835,-6.194276552796365,-0.5663615350994947,0.7524795380538974,0.025458104395272522,0.335202985205288
0.849138065725565,-7.419478731751442,-6.212241538167,-0.39919957387182686,0.7060353732712066,-0.25873139415457613,0.5246063453573253
0.7988365159928799,-7.443431850671769,-6.175114057660103,-0.17353628862995416,0.5559191199751673,-0.5050088846813353,0.6370283470674524
0.7880576124787331,-7.4170831274986275,-6.1631377905607225,0.07762516267913248,0.3242393424843219,-0.6771585922091574,0.6559721212838888
0.8431497859954834,-7.379956231713296,-6.226613409519196,0.31751751897462865,0.04504934698023143,-0.7499420642319853,0.5785672664231187
0.849138065725565,-7.4122925037145615,-6.234997147321701,0.5108512694593464,-0.24080239493697517,-0.7126526908740922,0.4161385938293959
0.8611146251857281,-7.4625943458080295,-6.207450914382935,0.6310157230823047,-0.49647418065714577,-0.5660900519338795,0.18674741836295758
0.918602110594511,-7.524872455000878,-6.21583465218544,0.6545415908749445,-0.6727751279695673,-0.3386541497396421,-0.06528629155151486
0.9401599176228047,-7.56679055929184,-6.217032161951066,0.5819216947848705,-0.750267682038352,-0.06139511222694882,-0.30772745509970756
0.9197997665405274,-7.524872455000878,-6.195474062561989,0.42389229390232236,-0.7175117807302329,0.224831389788594,-0.5049188190682605
0.8958466476202012,-7.494931202530862,-6.1787071716785436,0.20362122783758307,-0.5793519141534518,0.47802380729481275,-0.6279991996810332
0.8623122811317444,-7.508104979395867,-6.159544676542282,-0.04652535913251077,-0.35611146672206373,0.6609877344929047,-0.6588742133947789
0.8599169692397118,-7.503314355611802,-6.143975295424462,-0.289864270101284,-0.08062943021672052,0.7468724801029717,-0.5930085145817158
0.8551263454556466,-7.467384969592095,-6.134394047856331,-0.49482539457507707,0.21332113514366985,0.7210705303817327,-0.4355447306530549
0.9018349273502827,-7.480559331178665,-6.227810919284821,-0.6215488440400972,0.4690637087371052,0.588789355748262,-0.21675646743697788
0.9162067987024785,-7.546429969668389,-6.275717157125474,-0.65700000135175,0.6559733113515781,0.37000334043579597,0.033875375785349805
0.906625551134348,-7.533256192803384,-6.21463655769825,-0.5960255308548662,0.7465025240786516,0.09685058962153874,0.2794772108837094
0.8838700881600381,-7.455408117771149,-6.142777200937272,-0.4475890918432124,0.7273919459442124,-0.19053300893182606,0.48400633709265123
0.8778818084299564,-7.4134905982017525,-6.142777200937272,-0.23339736369772035,0.6015022373365635,-0.4499400538377436,0.6174744343295121
0.8587193132936954,-7.4170831274986275,-6.179904681444168,0.021243683658658433,0.38133128875881095,-0.646743525791922,0.6601953998358281
0.8287779146432876,-7.453013098239899,-6.172719038128853,0.2669891178043898,0.10940291229419588,-0.7431709930728955,0.6036925449354401
0.8191966670751573,-7.438641226887703,-6.172719038128853,0.4735643277031448,-0.17861066794085617,-0.7304771557048589,0.45851737351830946
0.8467427538335324,-7.436245622634888,-6.166730319857598,0.610600050859041,-0.4403739845037001,-0.6104819740583994,0.24606928092110777
0.8886607119441032,-7.491338088512421,-6.172719038128853,0.658019308246587,-0.6374763288821949,-0.4007847929345919,-0.002463704921272207
0.9114161749184132,-7.524872455000878,-6.194276552796365,0.6088495956047765,-0.7409528622253162,-0.13225530317083467,-0.2505984051729026
0.9054278951883317,-7.534453702569008,-6.203857800364495,0.47032509212105683,-0.7356702239166071,0.15563655216629574,-0.4619100485956076
0.9018349273502827,-7.4853499549627305,-6.211044028401375,0.2571365843511441,-0.6184079075618213,0.4263776259694431,-0.607992234264467
0.8467427538335324,-7.454210608005524,-6.196672157049179,0.010451985593233275,-0.41187101878903165,0.627936844270576,-0.6602638408139236
0.810813075453043,-7.4506174939870835,-6.167928414344788,-0.2377405232636514,-0.1448591598958416,0.7372760515303842,-0.6155642056133238
0.8251849468052388,-7.505709959864617,-6.155951562523843,-0.45109814499137724,0.14346362680192903,0.7383269682961028,-0.4804185042823193
0.8563240014016629,-7.547628064155579,-6.161939696073532,-0.5981803353682856,0.41063280639328276,0.6309259341146766,-0.2747607147206181
0.9209974224865437,-7.56679055929184,-6.182300285696984,-0.6574904913354529,0.6174427861943409,0.43086352909536707,-0.028762456006397725
0.9521364770829678,-7.55960433125496,-6.185892814993859,-0.6203229810497229,0.7335500465418149,0.16753658077341615,0.2214389814437349
0.9150091427564622,-7.506907469630241,-6.122417196035386,-0.48818149399362853,0.7406710866509328,-0.12722892860315047,0.44373186728921055
0.8730911846458912,-7.430257489085198,-6.056545972824097,-0.2865011755122271,0.6376367947768316,-0.39657200255861796,0.5950353276600376
0.8802771203219891,-7.345223770737649,-6.068522824645043,-0.042737155365139,0.44108729741718267,-0.6076904423304699,0.6590355513238263
0.8934513357281685,-7.338038127422333,-6.096069057583809,0.20732553370173076,0.1798638707245488,-0.7297198199941674,0.6262380500983274
0.8946489916741849,-7.423071845769883,-6.188288419246674,0.4269328194412302,-0.10784866110392424,-0.7448352709710561,0.5013157219752101
0.9174044546484947,-7.590743678212166,-6.317635261416435,0.5836714970211153,-0.37976526355293927,-0.6507429333401343,0.3027202716561515
1.0048333387076855,-7.712904292345048,-6.279310271143913,0.6547796773473846,-0.5959855957120531,-0.460966828811435,0.05978567196355049
1.0730997276306153,-7.746438658833504,-6.444586499333382,0.628072031948955,-0.7264039615418622,-0.1968053457132777,-0.1978142139444914
1.1210059654712679,-7.618289326429368,-6.59549144089222,0.5085635130039371,-0.7460006990519968,0.0907210921334533,-0.4202568187396128
1.099448158442974,-7.635056802034378,-6.5907008171081545,0.3144811336855429,-0.6559287791028959,0.36489867526176534,-0.581126500938177
0.9904614673554898,-7.623079950213433,-6.454167746901512,0.07431612136691966,-0.46945285625991395,0.5853892543434602,-0.6568185067075938
0.9102185189723969,-7.460198741555215,-6.3655414992570885,-0.17677723227325115,-0.21419014468024938,0.7197669293403017,-0.6362452039109576
0.8802771203219891,-7.317678122520447,-6.3535646474361425,-0.40213501747798125,0.07237470948036656,0.748513286825148,-0.5222807564824019
0.7820693327486515,-7.062576967477799,-6.329611528515816,-0.5717707302751961,0.3544193224586744,0.6641538769878854,-0.326136173324064
0.664699050039053,-7.041019452810287,-6.227810919284821,-0.6522815749002122,0.5778253012417842,0.4830073659050702,-0.08573536476848853
0.6239787478744984,-7.054193814396859,-6.075708467960358,-0.6367745446436123,0.7164042644882225,0.23085402122517554,0.16730071727633256
0.6179904681444168,-7.117669433355331,-5.9331878489255905,-0.5274986041157445,0.74975449024288,-0.05531322224120087,0.39566889498907537
0.6539201465249062,-7.190726299881936,-5.790666645169258,-0.3407410129115218,0.672794171897905,-0.33342835736836435,0.5657464934781979
0.6934427927434444,-7.321270651817322,-5.714016664624214,-0.10415280534662043,0.4967989885480289,-0.5624549944072886,0.6526770544322676
0.7389537186920643,-7.407501879930496,-5.766713526248932,0.1475096350492797,0.24790746066777042,-0.7086524393971159,0.6438901448612203
0.7641044935584068,-7.4170831274986275,-5.92240850687027,0.38256228976480255,-0.044174158245066764,-0.7503312427490071,0.5373060248573263
0.7138029438257217,-7.379956231713296,-5.983489106297493,0.5554572991608823,-0.3232016593518989,-0.6797471705806818,0.35348502130731746
0.6155951562523843,-7.305701270699501,-6.018220982551575,0.6469172906280171,-0.5549269975471092,-0.5095402654248709,0.1179947642508294
0.6000256289541722,-7.257795032858849,-6.082894695997238,0.6435704951721604,-0.7053972022999913,-0.2647392204918452,-0.13470319173863593
0.6000256289541722,-7.334445013403893,-6.1248128002882005,0.5459764117609893,-0.7526240505765808,0.018801317010996216,-0.36757762006540484
0.645536554902792,-7.487744974493981,-6.191881533265114,0.36835554857885566,-0.689758312311406,0.2997354319132163,-0.546540329055678
0.7820693327486515,-7.6266730642318725,-6.272124043107033,0.13665985752562343,-0.5259258628363745,0.536780583660646,-0.6454399082376511
0.8527310335636139,-7.545232459902763,-6.262542795538903,-0.12125883160226514,-0.2784753718888936,0.6977469868632598,-0.6487656782945889
0.8766841524839402,-7.564394955039025,-6.177509661912919,-0.3553118050891062,0.004894904711287253,0.7516282076402117,-0.5556839016489064
0.9736942841112615,-7.716497406363487,-6.145172805190087,-0.537325028385709,0.287411840792299,0.6952019382757612,-0.3812748518592644
1.0443559849262238,-7.7536248868703845,-6.134394047856331,-0.6407662775167086,0.5276871443067405,0.5368177416280436,-0.15096876367031867
1.0515419206023218,-7.625475554466248,-6.134394047856331,-0.6503645124258941,0.6905611692519307,0.2997292253744991,0.10155621081370711
1.014414586275816,-7.497326222062111,-6.142777200937272,-0.5645842490050742,0.7522151387400625,0.01870309913436679,0.3392155729155354
0.9653106924891472,-7.498523731827737,-6.167928414344788,-0.3911095301712879,0.7010384273950185,-0.271558734581331,0.5308806950693346
0.9533341330289841,-7.493733108043671,-6.171520943641663,-0.1633398812029268,0.5469973024147233,-0.5151662171003719,0.6393104121771535
0.9461481973528862,-7.534453702569008,-6.21583465218544,0.08843503867787814,0.3127205959192189,-0.6832401733440016,0.6538867932225194
0.9293810141086579,-7.623079950213433,-6.31284463763237,0.32732203911722285,0.03250508041066204,-0.7511460851991707,0.572348898090666
0.9126138308644295,-7.650626183152199,-6.316437751650811,0.5181396078866017,-0.25249940504532575,-0.708764503222423,0.40672875010594844
0.925788046270609,-7.618289326429368,-6.314042147397996,0.6328983951173567,-0.5004445352553475,-0.5622419757784278,0.18132525820663584
0.9102185189723969,-7.620684930682183,-6.282903385162354,0.6547077292333973,-0.6748629802416019,-0.33304795593166564,-0.07068809115552137
0.8850677441060544,-7.653021787405015,-6.223020295500755,0.5775613841486436,-0.7504661752937504,-0.047999345237326255,-0.31767818643567697
0.8910560238361359,-7.589545583724976,-6.207450914382935,0.4161643694683067,-0.7128839511251337,0.23785360219059798,-0.5118880285162191
0.8838700881600381,-7.506907469630241,-6.181102191209793,0.19359953529830778,-0.570557231612298,0.4887294427928085,-0.6309732142766608
0.8599169692397118,-7.438641226887703,-6.145172805190087,-0.05735709042218843,-0.3444219765533785,0.6677750824654737,-0.657388854091393
0.8539286895096303,-7.38115374147892,-6.1631377905607225,-0.2998996049389606,-0.06775212221080396,0.7487213537758034,-0.5872701348557713
0.8886607119441032,-7.360793736577034,-6.223020295500755,-0.4984417618401673,0.21875250605839316,0.7197453467260065,-0.4308941714772936
0.8683005608618259,-7.357200622558594,-6.268531513810158,-0.6237838929477737,0.47322023409142494,0.585130995662959,-0.21113498729450655
0.8215919789671898,-7.379956231713296,-6.269729023575783,-0.6571024437814248,0.6615414995534769,0.35844649672794,0.045774793593017234
0.7856623005867005,-7.4086999744176865,-6.255357152223588,-0.591765996591765,0.7474928457818819,0.08348537191275408,0.2899959369702412
0.7832669886946678,-7.421873751282693,-6.225415899753571,-0.43945590669458506,0.7236505912805454,-0.203795899654342,0.4916050844881839
0.7904529243707658,-7.438641226887703,-6.194276552796365,-0.22262450983420742,0.5934569221157553,-0.46114644264791355,0.6209598760364053
0.8036271397769451,-7.4757687073946,-6.148765919208527,0.02678251317914124,0.3760737550956364,-0.6506465202353994,0.6591739781132463
0.8503357216715813,-7.511698093414307,-6.159544676542282,0.27227553548766875,0.10348918221869505,-0.7445343088530327,0.6006868442702452
0.8718935286998749,-7.553616197705269,-6.183497795462609,0.47774368581703014,-0.1842416676102747,-0.7291324743410287,0.4540724759765484
0.9018349273502827,-7.540441836118698,-6.166730319857598,0.6154718999903144,-0.45042827760603615,-0.6025077109276034,0.2351449878860947
0.906625551134348,-7.425466865301132,-6.181102191209793,0.658565388437543,-0.6438904867781663,-0.3892340281730469,-0.013911919381161892
0.8706958727538586,-7.445826870203018,-6.248170924186707,0.6049111931043077,-0.742903154488509,-0.11885224732129153,-0.2608668143226039
0.8515333776175976,-7.503314355611802,-6.270926533341408,0.4623841644048477,-0.7329186798275432,0.16900525989761822,-0.46954053647626687
0.8443474419414998,-7.481756840944291,-6.226613409519196,0.2519339026192713,-0.6153311136247511,0.43206033130720045,-0.609278917596087
0.8503357216715813,-7.46498936533928,-6.137986577153206,0.004582644446506718,-0.4073913400981443,0.6316295870844018,-0.6595872649638584
0.8838700881600381,-7.473373103141785,-6.096069057583809,-0.24915805790845172,-0.1328071522518248,0.73959017784895,-0.6109737239189652
0.903032583296299,-7.518884321451187,-6.076906562447548,-0.46012720625928677,0.15539696866756583,0.7353666450365105,-0.47262102530114125
0.918602110594511,-7.533256192803384,-6.12121968626976,-0.6036097378357429,0.42079746521120415,0.6232402294750341,-0.26487052313460235
0.92219507843256,-7.532058098316193,-6.21583465218544,-0.6584724950498543,0.6244657793685833,0.4196726487960742,-0.01820251391688922
0.903032583296299,-7.454210608005524,-6.291286538243294,-0.6166151082148055,0.7365250487350309,0.15452453284032594,0.2311684010793499
0.8503357216715813,-7.3787581372261055,-6.230206523537636,-0.48426321579911963,0.7404447859867088,-0.13344416141078513,0.44656837384029396
0.8036271397769451,-7.3751656079292305,-6.159544676542282,-0.28090959888258704,0.635596575635587,-0.4018265321381394,0.5963574669321886
0.7928482362627983,-7.455408117771149,-6.118824082016945,-0.030275414300564456,0.43170563148045504,-0.6150813807269543,0.6590815898809602
0.7988365159928799,-7.540441836118698,-6.074510958194733,0.21918295943656801,0.16824819623360995,-0.7322885601173771,0.6224185404356004
0.8060224516689778,-7.591941187977791,-6.024209700822831,0.4364831757899794,-0.11987762931919994,-0.7420231720811521,0.49448296566790595
0.8587193132936954,-7.570383088588715,-6.045767215490342,0.5897870623664736,-0.3904057717226997,-0.6429040988602386,0.29395386396411444
0.9245903903245927,-7.521279340982438,-6.152358448505402,0.656515421607166,-0.6036525984266514,-0.4495278611421331,0.05015718953147192
0.9126138308644295,-7.506907469630241,-6.219427181482315,0.6267863583111318,-0.72837758890187,-0.19020067371032234,-0.2010687761456452
0.8599169692397118,-7.481756840944291,-6.237392166852952,0.5049527182299554,-0.7462258183486414,0.09713596648295536,-0.4227698953301925
0.8132083873450756,-7.4506174939870835,-6.225415899753571,0.30363211700035325,-0.6509067558600881,0.3762197874841968,-0.585308981826629
0.8120107313990593,-7.461396836042405,-6.221822785735131,0.06176249635551715,-0.4609652722303738,0.5932470514591264,-0.6570801684547821
0.849138065725565,-7.530860588550568,-6.195474062561989,-0.18911354329757812,-0.20330040249295458,0.7230635318259998,-0.6325220494425069
0.8934513357281685,-7.546429969668389,-6.161939696073532,-0.4122722771210466,0.08410339111033686,0.7465958642846731,-0.5153181585721492
0.9102185189723969,-7.503314355611802,-6.126010310053826,-0.5750476210707038,0.3591616805228808,0.6605220539054251,-0.32254261276529506
0.8886607119441032,-7.467384969592095,-6.130800933837891,-0.6534178960143906,0.5815671777688878,0.4775284607009256,-0.08240898088595933
0.8683005608618259,-7.432653093338013,-6.170323433876038,-0.6342842434029858,0.720638139479233,0.21781503656758497,0.17584305600072156
0.8467427538335324,-7.454210608005524,-6.19906717658043,-0.5210515700025132,0.7497252000379501,-0.06859225573465501,0.40213491303193694
0.8359638503193856,-7.4470249646902085,-6.20864842414856,-0.33120965595174406,0.6687469409235957,-0.3449425957600267,0.5692910489723116
0.8383591622114182,-7.437443717122078,-6.136789067387581,-0.09278093339675704,0.48952320541341643,-0.5706142820845347,0.6528078360750211
0.8323708824813366,-7.407501879930496,-6.087685319781304,0.15925066348769276,0.23836623395205428,-0.7124639828129277,0.6404809426396578
0.8287779146432876,-7.442234340906143,-6.085289715528488,0.38782817558082777,-0.047734730478312885,-0.749642559310251,0.5341785609724395
0.8527310335636139,-7.551220593452454,-6.155951562523843,0.5595099406360853,-0.32678604572269165,-0.6767789217870389,0.349470739368984
0.8311732265353203,-7.6003249257802965,-6.181102191209793,0.6502095549790282,-0.5624363499291747,-0.4993471273506732,0.10744921264928728
0.8096154195070268,-7.533256192803384,-6.154754052758217,0.6421771114898535,-0.7093901110413824,-0.2516672338843024,-0.14504423885238327
0.8203943230211735,-7.46498936533928,-6.145172805190087,0.5399239681521194,-0.7522189052055893,0.03297115130875403,-0.3762469009142122
0.8503357216715813,-7.46498936533928,-6.227810919284821,0.3583758178624075,-0.6847312456620459,0.31271040467973166,-0.5521975164654328
0.8527310335636139,-7.508104979395867,-6.257752171754837,0.12415774658398367,-0.5168335332356475,0.5466132648555578,-0.6470563279733009
0.8611146251857281,-7.46858247935772,-6.191881533265114,-0.12835386297716853,-0.2730417230795619,0.7003163045961989,-0.6469393919319691
0.8635099370777607,-7.414688107967377,-6.157149072289467,-0.3620185563920336,0.010813557572410412,0.7511674782299097,-0.55188137443673
0.903032583296299,-7.454210608005524,-6.184695305228233,-0.5461592723711499,0.29944736036614444,0.6888597073944182,-0.37082830407243855
0.8898583678901196,-7.502116845846176,-6.244578394889832,-0.6448735554470785,0.5372757282077553,0.5255948272301463,-0.1386469146890146
0.8467427538335324,-7.463791855573654,-6.219427181482315,-0.6489278140810807,0.6961642571036314,0.28512394703881316,0.11380840947973594
0.8036271397769451,-7.435048112869263,-6.136789067387581,-0.5578532227615502,0.7527698290143192,0.0027780337302410556,0.3494705265239097
0.8587193132936954,-7.453013098239899,-6.082894695997238,-0.385026364438721,0.6988444308708243,-0.2798826090592461,0.5338884577082783
0.9150091427564622,-7.479361236691475,-6.108045324683189,-0.15569187921774125,0.5424466806171767,-0.5214473083135995,0.6400033922453512
0.9245903903245927,-7.498523731827737,-6.169125924110413,0.09659828301701878,0.3064839559699276,-0.6866109411033666,0.6521516480147364
0.8970443035662174,-7.57517371237278,-6.1894859290122985,0.34000444097766575,0.018603231585820834,-0.7511837412976566,0.565485531822066
0.8659052489697934,-7.6266730642318725,-6.188288419246674,0.5273262395174289,-0.26573426200754036,-0.7028563199658299,0.39661736295301814
0.8479404097795487,-7.585953054428101,-6.148765919208527,0.6372358943596245,-0.5110505339253016,-0.5513733154495254,0.1695441940160491
0.8120107313990593,-7.530860588550568,-6.1631377905607225,0.6536013386129937,-0.6813624995246561,-0.3189984214222302,-0.08240413542378323
0.8120107313990593,-7.524872455000878,-6.21583465218544,0.5740201306194113,-0.7516848822242039,-0.0397871870145186,-0.3223161603592506
0.8024294838309288,-7.551220593452454,-6.212241538167,0.41021763283143875,-0.7116312807996227,0.2452930152508004,-0.5149114006999941
0.8371615062654019,-7.540441836118698,-6.207450914382935,0.18040488836479904,-0.5624204928952508,0.49941668402012795,-0.6338140430346169
0.8587193132936954,-7.588348073959351,-6.21822967171669,-0.0710698827477474,-0.3330461747795939,0.6738099591197472,-0.6557510626921974
0.906625551134348,-7.5619999355077745,-6.254159642457962,-0.3121351564820531,-0.05486652193759604,0.7492890274258154,-0.58148711270128
0.9305786700546742,-7.461396836042405,-6.145172805190087,-0.507528663799702,0.23139014891102963,0.7147077337751754,-0.4219788024185262
0.8718935286998749,-7.364386265873909,-6.0098378294706345,-0.628421309589112,0.483745219616477,0.575169566020024,-0.20064194595559784
0.8587193132936954,-7.405106860399247,-6.032592853903771,-0.6570215102118522,0.6651714915578703,0.35122367081615913,0.050115416750109935
0.8850677441060544,-7.460198741555215,-6.190683438777924,-0.5890919068019578,0.7490064030206491,0.07581181950212304,0.2936199952290031
0.8790794643759728,-7.47457061290741,-6.282903385162354,-0.43007431801986246,0.7208488216768839,-0.21730611419359408,0.49818782602636824
0.8060224516689778,-7.4470249646902085,-6.211044028401375,-0.21078540209872237,0.5862339686388917,-0.4717469474273531,0.623982424326959
0.741349030584097,-7.437443717122078,-6.12361470580101,0.03933471073334879,0.36550504011889945,-0.656974912457221,0.6582118280470448
0.7161982557177544,-7.443431850671769,-6.1020571911334995,0.28367728022623856,0.0911917836364629,-0.7457952506673377,0.5958193546392125
0.7197912235558034,-7.461396836042405,-6.1511609387397765,0.4864459917285728,-0.19653195083902233,-0.7252753951291693,0.44578143820805377
0.7521279340982437,-7.529663078784943,-6.19906717658043,0.6177571336021087,-0.45545079715217707,-0.5983117145420275,0.23013862669906632
0.8060224516689778,-7.6314636880159386,-6.177509661912919,0.6583495261397078,-0.6474511742695602,-0.3834214579190817,-0.019257828948139537
0.8479404097795487,-7.690148683190346,-6.120022176504135,0.6000195120545101,-0.7451413838734376,-0.10527232245343637,-0.27140125518925934
0.8850677441060544,-7.645835559368134,-6.062534691095353,0.45393891959311033,-0.7298508695475223,0.1823396486997346,-0.477503317277925
0.8970443035662174,-7.515291207432747,-6.052953443527222,0.24134397562144091,-0.6073800935390012,0.4430721710367675,-0.6136200442102236
0.8886607119441032,-7.429059979319573,-6.12361470580101,-0.006673942161522265,-0.39587329877856076,0.6387224641718018,-0.6597525320697952
0.8766841524839402,-7.409897484183312,-6.188288419246674,-0.25376626744249103,-0.1263936007757293,0.740716692722862,-0.6090698813050578
0.8718935286998749,-7.391932498812676,-6.219427181482315,-0.46371296287928265,0.16167600536494897,0.7341377773096709,-0.4689060473845119
0.8826724322140217,-7.429059979319573,-6.185892814993859,-0.6080646746624075,0.4317318365596682,0.6158142324528579,-0.254239658269543
0.9317763260006905,-7.481756840944291,-6.185892814993859,-0.6586768661260013,0.6317232879911887,0.40869003745855914,-0.006551848758396962
0.9389622616767884,-7.584754959940911,-6.195474062561989,-0.6125642090079239,0.7389964496126026,0.14151845939043395,0.24211952204277723
0.9329739819467068,-7.630266178250313,-6.197869666814804,-0.4765315947675016,0.7377262708054361,-0.14643037312294593,0.45523151733916767
0.9042302392423154,-7.6422424453496935,-6.179904681444168,-0.2706269955167041,0.6281477294827946,-0.4128081852391276,0.6014822203879263
0.8515333776175976,-7.545232459902763,-6.100859681367875,-0.02498624818347577,0.4262900304721514,-0.6186319520310631,0.6595051214721551
0.8132083873450756,-7.390734989047051,-6.039779081940651,0.22429293439429307,0.16184963318640724,-0.7336165323782307,0.6207287324101916
0.779674020856619,-7.326061275601387,-6.069720334410667,0.4452619561781231,-0.13317172256713006,-0.7396459594698716,0.486755521107699
0.7892552684247495,-7.356003112792969,-6.072115938663483,0.5950165821863127,-0.40190305190371034,-0.6357133808118367,0.2833684902218087
